The Bank,Robber,Teller,Civilian,Armored Truck Driver,Security Guard,Manager
Airplane,First Class Passenger,Air Marshall,Mechanic,Air Hostess,Flight Attendant,Co-Pilot,Captain,Economy Class Passenger
Beach,Beach Waitress,Kite Surfer,Lifeguard,Thief,Beach Photographer,Ice Cream Trucker Driver,Beach Goer
Catheral / Church,Priest,Beggar,Sinner,Tourist,Sponsor,Choir Member,Father
Circus Tent,Acrobat,Animal Trainer,Magician,Fire Eater,Clown,Juggler,Visitor
Corporate Party,Entertainer,Manager,Unwanted Guest,Owner,Secretary,Delivery Boy,Accountant
Crusader Army,Monk,Improsioned Saracen,Servant,Bishop,Squire,Archer,Knight
Casino,Dealer,Bartender,Head Security Guard,Bouncer,Manager,Hustler,Gambler
Day Spa,Stylist,Masseuse,Manicurist,Makeup Artist,Dermatologist,Beautician,Customer,Zohan
Embassy,Security Guard,Secretary,Ambassador,Tourist,Refugee,Diplomat,Government Official
Hospital,Nurse,Doctor,Anthesiologist,Intern,Therapist,Surgeon,Patient,Radiology Technician
Hotel,Doorman,Security Guard,Manager,Housekeeper,Bartender,Bellman,Customer
Military Base,Deserter,Colonel,Private,Medic,Sniper,Officier,Tank Engineer,Soldier
Movie Studio,Stunt Man,Sound Engineer,Camera Man,Director,Costume Artist,Proceducer,Actor
Ocean Liner,Cook,Captain,Bartender,Musician,Waiter,Mechanic,Rich Passenger
Passenger Train,Mechanic,Border Patrol,Train Attendant,Restaurant Chef,Train Driver,Stoker,Passenger
Pirate Ship,Cook,Slave,Cannoneer,Tied Up Prisoner,Cabin Boy,Brave Captain,Sailor,Parrot
Polar Station,Medic,Expedition Leader,Biologist,Radioman,Hydrologist,Meteorologist,Geologist
Police Station,Detective,Lawyer,Journalist,Criminalist,Archivist,Criminal,Patrol Officier
Restaurant,Musician,Bouncer,Hostess,Head Chef,Food Critic,Waiter,Customer,Line Chef,Sous Chef
School,Gym Teacher,English Teacher,Math Teacher,Principle,Faculty Staff,Cafeteria Lady,Janitor,Student
Service Station,Manager,Tire Specialist,Biker,Car Owner,Car Wash Operator,Electrician,Auto Mechanic
Space Station,Engineer,Alien,Pilot,Commander,Scientist,Doctor,Space Tourist
Submarine,Cook,Commander,Sonar Technician,Electronics Technician,Radioman,Navigator,Sailor
Supermarket,Cashier,Butcher,Janitor,Security Guard,Food Sample Demonstrator,Shelf Stocker,Customer
Theater,Coat Check Lady,Prompter,Cashier,Director,Actor,Crew Man,Audience Member
University,Graduate Student,Professor,Dean,Psychologist,Maintenance Man,Janitor,Student
World War II Squad,Resistance Fighter,Radioman,Scout,Medic,Cook,Imprizoned Nazi,Nazi Soldier,Hitler,Soldier,Kamikaze Fighter
House,Glass Window,Door,Light Switch,Toilet,Trashcan,Refrigerator,Chimney,Stove,Sink
Brothel,Whore,Hooker,Perv,Bouncer,Bartender,Manager,Janitor,Stripper
Maid Cafe,Maid,Waiter,Waitress,Customer,Singer,Cook,Weeaboo,Janitor
Temple,Monk,Buddist,Prayer,Disciple,Cook,Teacher
Gym,Buff Guy,Sweaty Guy,Try-Hard Guy,Yoga Pants Wearing Girl,Janitor,Old guy in the shower
